corridor_id,tile_id,structural_zone,centroid_row,centroid_col,utm_x_m,utm_y_m,ridge_pixels,approx_length_m,dist_nearest_known_fault_m,score_L1_pop_tip_relay,score_L2_thermal_geochem,score_L3_openness_lrm_scarp,score_L4_geopotential_worm,corroborated_prob_max,lines_satisfied_count,lines_satisfied,lines_not_satisfied,disposition
CAND-19-01,USGS_1M_11_x34y441_NV_WestCentral_EarthMRI_2020_D20,Desert Queen / Hot Springs Mountains step-over & fault tips,1054,1028,346200.0,4403100.0,44,4752,2417,0.8042,0.7936,0.9396,0.9269,0.9184,4,L1_PopScaling_TipRelay|L2_Backward_ThermalGeochem|L3_Openness_LRM_Scarp|L4_Geopotential_Basement,,PROMOTED (Multi-Line Corroborated Unmapped Fault)
CAND-19-02,USGS_1M_11_x34y441_NV_WestCentral_EarthMRI_2020_D20,Desert Queen / Hot Springs Mountains step-over & fault tips,1079,975,340900.0,4400600.0,33,3564,806,0.8064,0.791,0.8717,0.9057,0.8602,4,L1_PopScaling_TipRelay|L2_Backward_ThermalGeochem|L3_Openness_LRM_Scarp|L4_Geopotential_Basement,,PROMOTED (Multi-Line Corroborated Unmapped Fault)
CAND-19-03,USGS_1M_11_x36y436_NV_WestCentral_EarthMRI_2020_D20,Stillwater / Salt Wells / Carson Sink accommodation & step-over zone,1552,1194,362800.0,4353300.0,26,2808,1404,0.6892,0.6922,0.8888,0.8579,0.8516,4,L1_PopScaling_TipRelay|L2_Backward_ThermalGeochem|L3_Openness_LRM_Scarp|L4_Geopotential_Basement,,PROMOTED (Multi-Line Corroborated Unmapped Fault)
CAND-19-04,USGS_1M_11_x36y436_NV_WestCentral_EarthMRI_2020_D20,Stillwater / Salt Wells / Carson Sink accommodation & step-over zone,1486,1222,365600.0,4359900.0,20,2160,922,0.8644,0.8945,0.8536,0.8868,0.8476,4,L1_PopScaling_TipRelay|L2_Backward_ThermalGeochem|L3_Openness_LRM_Scarp|L4_Geopotential_Basement,,PROMOTED (Multi-Line Corroborated Unmapped Fault)
CAND-19-05,USGS_1M_11_x32y441_NV_WestCentral_EarthMRI_2020_D20,Bradys / Patua / Hazen displacement transfer & relay ramp,1020,861,329500.0,4406500.0,41,4428,283,0.8226,0.8512,0.89,0.8569,0.8529,4,L1_PopScaling_TipRelay|L2_Backward_ThermalGeochem|L3_Openness_LRM_Scarp|L4_Geopotential_Basement,,PROMOTED (Multi-Line Corroborated Unmapped Fault)
CAND-19-06,USGS_1M_11_x32y441_NV_WestCentral_EarthMRI_2020_D20,Bradys / Patua / Hazen displacement transfer & relay ramp,1013,792,322600.0,4407200.0,16,1728,316,0.7658,0.6374,0.8817,0.8482,0.8392,4,L1_PopScaling_TipRelay|L2_Backward_ThermalGeochem|L3_Openness_LRM_Scarp|L4_Geopotential_Basement,,PROMOTED (Multi-Line Corroborated Unmapped Fault)
CAND-19-07,USGS_1M_11_x26y446_NV_WestCentral_EarthMRI_2020_D20,Astor Pass / Pyramid Lake tufa & fault termination corridor,562,202,263600.0,4452300.0,5,540,6389,0.5114,0.4401,0.8568,0.8167,0.8451,4,L1_PopScaling_TipRelay|L2_Backward_ThermalGeochem|L3_Openness_LRM_Scarp|L4_Geopotential_Basement,,PROMOTED (Multi-Line Corroborated Unmapped Fault)
CAND-19-08,USGS_1M_11_x33y441_NV_WestCentral_EarthMRI_2020_D20,Bradys / Desert Peak step-over & blind geothermal corridor,1078,931,336500.0,4400700.0,55,5940,224,0.7926,0.8043,0.9048,0.9168,0.8946,4,L1_PopScaling_TipRelay|L2_Backward_ThermalGeochem|L3_Openness_LRM_Scarp|L4_Geopotential_Basement,,PROMOTED (Multi-Line Corroborated Unmapped Fault)
CAND-19-09,USGS_1M_11_x33y441_NV_WestCentral_EarthMRI_2020_D20,Bradys / Desert Peak step-over & blind geothermal corridor,1002,957,339100.0,4408300.0,27,2916,2508,0.8159,0.8583,0.8742,0.9107,0.8809,4,L1_PopScaling_TipRelay|L2_Backward_ThermalGeochem|L3_Openness_LRM_Scarp|L4_Geopotential_Basement,,PROMOTED (Multi-Line Corroborated Unmapped Fault)
CAND-19-10,USGS_1M_11_x38y430_NV_WestCentral_EarthMRI_2020_D20,Southern Dixie Valley / Pirouette Mountain piedmont step-over,2159,1385,381900.0,4292600.0,72,7776,2879,0.7872,0.7588,0.8997,0.8887,0.875,4,L1_PopScaling_TipRelay|L2_Backward_ThermalGeochem|L3_Openness_LRM_Scarp|L4_Geopotential_Basement,,PROMOTED (Multi-Line Corroborated Unmapped Fault)
CAND-19-11,USGS_1M_11_x38y430_NV_WestCentral_EarthMRI_2020_D20,Southern Dixie Valley / Pirouette Mountain piedmont step-over,2127,1372,380600.0,4295800.0,37,3996,1526,0.8073,0.7252,0.9091,0.914,0.8809,4,L1_PopScaling_TipRelay|L2_Backward_ThermalGeochem|L3_Openness_LRM_Scarp|L4_Geopotential_Basement,,PROMOTED (Multi-Line Corroborated Unmapped Fault)
CAND-19-12,USGS_1M_11_x39y430_NV_WestCentral_EarthMRI_2020_D20,Dixie Valley / Clan Alpine range-front step-over,2132,1508,394200.0,4295300.0,69,7452,424,0.9084,0.9278,0.9417,0.9594,0.9426,4,L1_PopScaling_TipRelay|L2_Backward_ThermalGeochem|L3_Openness_LRM_Scarp|L4_Geopotential_Basement,,PROMOTED (Multi-Line Corroborated Unmapped Fault)
CAND-19-13,USGS_1M_11_x39y430_NV_WestCentral_EarthMRI_2020_D20,Dixie Valley / Clan Alpine range-front step-over,2124,1469,390300.0,4296100.0,18,1944,224,0.7038,0.7137,0.8643,0.8245,0.8024,4,L1_PopScaling_TipRelay|L2_Backward_ThermalGeochem|L3_Openness_LRM_Scarp|L4_Geopotential_Basement,,PROMOTED (Multi-Line Corroborated Unmapped Fault)
CAND-19-14,USGS_1M_11_x32y439_NV_WestCentral_EarthMRI_2020_D20,Soda Lake / Upsal Hogback blind quaternary basin-floor fault zone,1253,796,323000.0,4383200.0,43,4644,141,0.7293,0.5476,0.9145,0.9004,0.8836,4,L1_PopScaling_TipRelay|L2_Backward_ThermalGeochem|L3_Openness_LRM_Scarp|L4_Geopotential_Basement,,PROMOTED (Multi-Line Corroborated Unmapped Fault)
CAND-19-15,USGS_1M_11_x32y439_NV_WestCentral_EarthMRI_2020_D20,Soda Lake / Upsal Hogback blind quaternary basin-floor fault zone,1212,847,328100.0,4387300.0,35,3780,2530,0.7928,0.7753,0.9123,0.8899,0.8807,4,L1_PopScaling_TipRelay|L2_Backward_ThermalGeochem|L3_Openness_LRM_Scarp|L4_Geopotential_Basement,,PROMOTED (Multi-Line Corroborated Unmapped Fault)
DISC-19-16,Full_Footprint_SingleLayer_Gate,Isolated single-layer pattern match (L3_Openness_LRM_Scarp only),1027,1220,365400.0,4405800.0,1003,108324,3467,0.1792,0.1781,0.6649,0.1789,0.4308,1,L3_Openness_LRM_Scarp,L1_PopScaling_TipRelay|L2_Backward_ThermalGeochem|L4_Geopotential_Basement,DISCARDED (Single-Layer Pattern Match — Rejected by H19-4 Multi-Line Gate)
DISC-19-17,Full_Footprint_SingleLayer_Gate,Isolated single-layer pattern match (L3_Openness_LRM_Scarp only),594,458,289200.0,4449100.0,812,87696,1924,0.18,0.2217,0.7731,0.2643,0.4626,1,L3_Openness_LRM_Scarp,L1_PopScaling_TipRelay|L2_Backward_ThermalGeochem|L4_Geopotential_Basement,DISCARDED (Single-Layer Pattern Match — Rejected by H19-4 Multi-Line Gate)
DISC-19-18,Full_Footprint_SingleLayer_Gate,Isolated single-layer pattern match (L3_Openness_LRM_Scarp only),363,1566,400000.0,4472200.0,559,60372,5413,0.1784,0.1774,0.8364,0.1782,0.4355,1,L3_Openness_LRM_Scarp,L1_PopScaling_TipRelay|L2_Backward_ThermalGeochem|L4_Geopotential_Basement,DISCARDED (Single-Layer Pattern Match — Rejected by H19-4 Multi-Line Gate)
DISC-19-19,Full_Footprint_SingleLayer_Gate,Isolated single-layer pattern match (L3_Openness_LRM_Scarp only),1137,1503,393700.0,4394800.0,390,42120,3418,0.1724,0.1757,0.819,0.1791,0.4747,1,L3_Openness_LRM_Scarp,L1_PopScaling_TipRelay|L2_Backward_ThermalGeochem|L4_Geopotential_Basement,DISCARDED (Single-Layer Pattern Match — Rejected by H19-4 Multi-Line Gate)
